title,first,last,file,file_path (remove)
Making and Doing Deals: Contracts in Context,,Epstein,ufl_Contracts-Arnow-Richman-Syll-Part-2.Reading.S23_50ee90a2.pdf,C:\Users\adaml\OneDrive\Syllabi\annotation\ufl_Contracts-Arnow-Richman-Syll-Part-2.Reading.S23_50ee90a2.pdf
Restatement Second of Contracts,,,ufl_Contracts-Arnow-Richman-Syll-Part-2.Reading.S23_50ee90a2.pdf,C:\Users\adaml\OneDrive\Syllabi\annotation\ufl_Contracts-Arnow-Richman-Syll-Part-2.Reading.S23_50ee90a2.pdf
Uniform Commercial Code,,,ufl_Contracts-Arnow-Richman-Syll-Part-2.Reading.S23_50ee90a2.pdf,C:\Users\adaml\OneDrive\Syllabi\annotation\ufl_Contracts-Arnow-Richman-Syll-Part-2.Reading.S23_50ee90a2.pdf
The Bell Jar,Sylvia,Plath,ufl_LAE-6947-8MB2-28596-Bryant_03dbd900.pdf,C:\Users\adaml\OneDrive\Syllabi\annotation\ufl_LAE-6947-8MB2-28596-Bryant_03dbd900.pdf
Tender Buttons,Gertrude,Stein,ufl_LAE-6947-8MB2-28596-Bryant_03dbd900.pdf,C:\Users\adaml\OneDrive\Syllabi\annotation\ufl_LAE-6947-8MB2-28596-Bryant_03dbd900.pdf
Mrs. Dalloway,Virginia,Woolf,ufl_LAE-6947-8MB2-28596-Bryant_03dbd900.pdf,C:\Users\adaml\OneDrive\Syllabi\annotation\ufl_LAE-6947-8MB2-28596-Bryant_03dbd900.pdf
Best Poems,Stevie,Smith,ufl_LAE-6947-8MB2-28596-Bryant_03dbd900.pdf,C:\Users\adaml\OneDrive\Syllabi\annotation\ufl_LAE-6947-8MB2-28596-Bryant_03dbd900.pdf
Maud Martha,Gwendolyn,Brooks,ufl_LAE-6947-8MB2-28596-Bryant_03dbd900.pdf,C:\Users\adaml\OneDrive\Syllabi\annotation\ufl_LAE-6947-8MB2-28596-Bryant_03dbd900.pdf
Ariel,Sylvia,Plath,ufl_LAE-6947-8MB2-28596-Bryant_03dbd900.pdf,C:\Users\adaml\OneDrive\Syllabi\annotation\ufl_LAE-6947-8MB2-28596-Bryant_03dbd900.pdf
The Bloody Chamber,Angela,Carter,ufl_LAE-6947-8MB2-28596-Bryant_03dbd900.pdf,C:\Users\adaml\OneDrive\Syllabi\annotation\ufl_LAE-6947-8MB2-28596-Bryant_03dbd900.pdf
Fun Home,Alison,Bechdel,ufl_LAE-6947-8MB2-28596-Bryant_03dbd900.pdf,C:\Users\adaml\OneDrive\Syllabi\annotation\ufl_LAE-6947-8MB2-28596-Bryant_03dbd900.pdf
Thomas and Beulah,Rita,Dove,ufl_LAE-6947-8MB2-28596-Bryant_03dbd900.pdf,C:\Users\adaml\OneDrive\Syllabi\annotation\ufl_LAE-6947-8MB2-28596-Bryant_03dbd900.pdf
The Penelopiad,Margaret,Atwood,ufl_LAE-6947-8MB2-28596-Bryant_03dbd900.pdf,C:\Users\adaml\OneDrive\Syllabi\annotation\ufl_LAE-6947-8MB2-28596-Bryant_03dbd900.pdf
Marvelous Things Overheard,Ange,Mlinko,ufl_LAE-6947-8MB2-28596-Bryant_03dbd900.pdf,C:\Users\adaml\OneDrive\Syllabi\annotation\ufl_LAE-6947-8MB2-28596-Bryant_03dbd900.pdf
None,,,osu_View_Syllabi_0aca0bce.pdf,C:\Users\adaml\OneDrive\Syllabi\annotation\osu_View_Syllabi_0aca0bce.pdf
None,,,ufl_KarmakarBikram_syllabusSTA7934-_fall2023-1_26fce759.pdf,C:\Users\adaml\OneDrive\Syllabi\annotation\ufl_KarmakarBikram_syllabusSTA7934-_fall2023-1_26fce759.pdf
Yume jūya ,Natsume,Sōseki,ufl_JPW4130_F24_39da2d7b.pdf,C:\Users\adaml\OneDrive\Syllabi\annotation\ufl_JPW4130_F24_39da2d7b.pdf
Tongari yaki no seisui,Murakami,Haruki,ufl_JPW4130_F24_39da2d7b.pdf,C:\Users\adaml\OneDrive\Syllabi\annotation\ufl_JPW4130_F24_39da2d7b.pdf
Konbini Ningen,Murata,Sayaka,ufl_JPW4130_F24_39da2d7b.pdf,C:\Users\adaml\OneDrive\Syllabi\annotation\ufl_JPW4130_F24_39da2d7b.pdf
The Great Gatsby,Scott,Fitzgerald,ufl_JPW4130_F24_39da2d7b.pdf,C:\Users\adaml\OneDrive\Syllabi\annotation\ufl_JPW4130_F24_39da2d7b.pdf
What We Talk About When We Talk About Love,Raymond,Carter,ufl_JPW4130_F24_39da2d7b.pdf,C:\Users\adaml\OneDrive\Syllabi\annotation\ufl_JPW4130_F24_39da2d7b.pdf
Install,Wataya,Risa,ufl_JPW4130_F24_39da2d7b.pdf,C:\Users\adaml\OneDrive\Syllabi\annotation\ufl_JPW4130_F24_39da2d7b.pdf
Growing Down,Shimizu,Yoshinari,ufl_JPW4130_F24_39da2d7b.pdf,C:\Users\adaml\OneDrive\Syllabi\annotation\ufl_JPW4130_F24_39da2d7b.pdf
Monogatari shōhiron,Ōtsuka,Eiji,ufl_JPW4130_F24_39da2d7b.pdf,C:\Users\adaml\OneDrive\Syllabi\annotation\ufl_JPW4130_F24_39da2d7b.pdf
How I Got That Story,,Foley,ufl_JOU3101-Reporting-Foley-Spring-2025_bdb9cdd7.pdf,C:\Users\adaml\OneDrive\Syllabi\annotation\ufl_JOU3101-Reporting-Foley-Spring-2025_bdb9cdd7.pdf
AP Stylebook,,,ufl_JOU3101-Reporting-Foley-Spring-2025_bdb9cdd7.pdf,C:\Users\adaml\OneDrive\Syllabi\annotation\ufl_JOU3101-Reporting-Foley-Spring-2025_bdb9cdd7.pdf
Inside Reporting,,Harrower,ufl_JOU3101-Reporting-Foley-Spring-2025_bdb9cdd7.pdf,C:\Users\adaml\OneDrive\Syllabi\annotation\ufl_JOU3101-Reporting-Foley-Spring-2025_bdb9cdd7.pdf
When Words Collide,,Kessler-McDonald,ufl_JOU3101-Reporting-Foley-Spring-2025_bdb9cdd7.pdf,C:\Users\adaml\OneDrive\Syllabi\annotation\ufl_JOU3101-Reporting-Foley-Spring-2025_bdb9cdd7.pdf
Webster's New World College Dictionary,,,ufl_JOU3101-Reporting-Foley-Spring-2025_bdb9cdd7.pdf,C:\Users\adaml\OneDrive\Syllabi\annotation\ufl_JOU3101-Reporting-Foley-Spring-2025_bdb9cdd7.pdf
"Introduction to Aging: A Positive, Interdisciplinary Approach",,Sugar,ufl_GEY4001_2G10_Spring2026_d90d157e.pdf,C:\Users\adaml\OneDrive\Syllabi\annotation\ufl_GEY4001_2G10_Spring2026_d90d157e.pdf
Coastal Storms: Processes and Impacts,Paolo,Ciavola,ufl_eoc6934_spring2025_215e781c.pdf,C:\Users\adaml\OneDrive\Syllabi\annotation\ufl_eoc6934_spring2025_215e781c.pdf
The Principles of Scientific Management,,Taylor,ufl_ENG3122-S206-30349-Ray_15c2759e.pdf,C:\Users\adaml\OneDrive\Syllabi\annotation\ufl_ENG3122-S206-30349-Ray_15c2759e.pdf
The Genius of the System,,Schatz,ufl_ENG3122-S206-30349-Ray_15c2759e.pdf,C:\Users\adaml\OneDrive\Syllabi\annotation\ufl_ENG3122-S206-30349-Ray_15c2759e.pdf
Hitler: The Führer and the People,,Stern,ufl_ENG3122-S206-30349-Ray_15c2759e.pdf,C:\Users\adaml\OneDrive\Syllabi\annotation\ufl_ENG3122-S206-30349-Ray_15c2759e.pdf
The Making of Casablance,,Harmetz,ufl_ENG3122-S206-30349-Ray_15c2759e.pdf,C:\Users\adaml\OneDrive\Syllabi\annotation\ufl_ENG3122-S206-30349-Ray_15c2759e.pdf
Cahiers du Cinéma: The 1950s,,Hillier,ufl_ENG3122-S206-30349-Ray_15c2759e.pdf,C:\Users\adaml\OneDrive\Syllabi\annotation\ufl_ENG3122-S206-30349-Ray_15c2759e.pdf
"Henry Ford: Mass Production, Modernism and Design",,Batchelor,ufl_ENG3122-S206-30349-Ray_15c2759e.pdf,C:\Users\adaml\OneDrive\Syllabi\annotation\ufl_ENG3122-S206-30349-Ray_15c2759e.pdf
Brecht on Theatre,,Brecht,ufl_ENG3122-S206-30349-Ray_15c2759e.pdf,C:\Users\adaml\OneDrive\Syllabi\annotation\ufl_ENG3122-S206-30349-Ray_15c2759e.pdf
Jean Renoir,,Braudy,ufl_ENG3122-S206-30349-Ray_15c2759e.pdf,C:\Users\adaml\OneDrive\Syllabi\annotation\ufl_ENG3122-S206-30349-Ray_15c2759e.pdf
Renoir on Renoir,,Renoir,ufl_ENG3122-S206-30349-Ray_15c2759e.pdf,C:\Users\adaml\OneDrive\Syllabi\annotation\ufl_ENG3122-S206-30349-Ray_15c2759e.pdf
A Passion for Films: Henri Langlois and the Cinémathèque,,Roud,ufl_ENG3122-S206-30349-Ray_15c2759e.pdf,C:\Users\adaml\OneDrive\Syllabi\annotation\ufl_ENG3122-S206-30349-Ray_15c2759e.pdf
Theory of Film Practice,,Burch,ufl_ENG3122-S206-30349-Ray_15c2759e.pdf,C:\Users\adaml\OneDrive\Syllabi\annotation\ufl_ENG3122-S206-30349-Ray_15c2759e.pdf
The Heart of Europe,,Stern,ufl_ENG3122-S206-30349-Ray_15c2759e.pdf,C:\Users\adaml\OneDrive\Syllabi\annotation\ufl_ENG3122-S206-30349-Ray_15c2759e.pdf
A History of Narrative Film,,Cook,ufl_ENG3122-S206-30349-Ray_15c2759e.pdf,C:\Users\adaml\OneDrive\Syllabi\annotation\ufl_ENG3122-S206-30349-Ray_15c2759e.pdf
Existentialism is a Humanism,,Sartre,ufl_ENG3122-S206-30349-Ray_15c2759e.pdf,C:\Users\adaml\OneDrive\Syllabi\annotation\ufl_ENG3122-S206-30349-Ray_15c2759e.pdf
Springtime in Italy: A Reader on Neo-Realism,,Overbey,ufl_ENG3122-S206-30349-Ray_15c2759e.pdf,C:\Users\adaml\OneDrive\Syllabi\annotation\ufl_ENG3122-S206-30349-Ray_15c2759e.pdf
Bicycle Thief,,Bazin,ufl_ENG3122-S206-30349-Ray_15c2759e.pdf,C:\Users\adaml\OneDrive\Syllabi\annotation\ufl_ENG3122-S206-30349-Ray_15c2759e.pdf
The Early Film Criticism of François Truffaut,,Truffaut,ufl_ENG3122-S206-30349-Ray_15c2759e.pdf,C:\Users\adaml\OneDrive\Syllabi\annotation\ufl_ENG3122-S206-30349-Ray_15c2759e.pdf
Alice’s Adventures in Wonderland & Through the Looking-Glass,Lewis,Carroll,ufl_ENG1131-1786-12889-FGonzalezSilva_a95c4cdc.pdf,C:\Users\adaml\OneDrive\Syllabi\annotation\ufl_ENG1131-1786-12889-FGonzalezSilva_a95c4cdc.pdf
Persepolis,Marjane,Satrapi,ufl_ENG1131-1786-12889-FGonzalezSilva_a95c4cdc.pdf,C:\Users\adaml\OneDrive\Syllabi\annotation\ufl_ENG1131-1786-12889-FGonzalezSilva_a95c4cdc.pdf
The Art of Adaptation: Turning Fact and Fiction into Film,Linda,Seger,ufl_ENG1131-1786-12889-FGonzalezSilva_a95c4cdc.pdf,C:\Users\adaml\OneDrive\Syllabi\annotation\ufl_ENG1131-1786-12889-FGonzalezSilva_a95c4cdc.pdf
Hamlet,William,Shakespeare,ufl_ENG1131-1786-12889-FGonzalezSilva_a95c4cdc.pdf,C:\Users\adaml\OneDrive\Syllabi\annotation\ufl_ENG1131-1786-12889-FGonzalezSilva_a95c4cdc.pdf
Raise the Red Lantern,Tong,Su,ufl_ENG1131-1786-12889-FGonzalezSilva_a95c4cdc.pdf,C:\Users\adaml\OneDrive\Syllabi\annotation\ufl_ENG1131-1786-12889-FGonzalezSilva_a95c4cdc.pdf
The Routledge Companion to Adaptation,Dennis,Cutchins,ufl_ENG1131-1786-12889-FGonzalezSilva_a95c4cdc.pdf,C:\Users\adaml\OneDrive\Syllabi\annotation\ufl_ENG1131-1786-12889-FGonzalezSilva_a95c4cdc.pdf
Film Directing Shot by Shot: Visualizing From Concept to Screen,Steven D.,Katz,ufl_ENG1131-1786-12889-FGonzalezSilva_a95c4cdc.pdf,C:\Users\adaml\OneDrive\Syllabi\annotation\ufl_ENG1131-1786-12889-FGonzalezSilva_a95c4cdc.pdf
The Oxford Handbook of Adaptation Studies,Thomas,Leitch,ufl_ENG1131-1786-12889-FGonzalezSilva_a95c4cdc.pdf,C:\Users\adaml\OneDrive\Syllabi\annotation\ufl_ENG1131-1786-12889-FGonzalezSilva_a95c4cdc.pdf
True to the Spirit: Film Adaptation and the Question of Fidelity,Colin,MacCabe,ufl_ENG1131-1786-12889-FGonzalezSilva_a95c4cdc.pdf,C:\Users\adaml\OneDrive\Syllabi\annotation\ufl_ENG1131-1786-12889-FGonzalezSilva_a95c4cdc.pdf
Next Generation Adaptation: Spectatorship and Process,Allen H.,Redmon,ufl_ENG1131-1786-12889-FGonzalezSilva_a95c4cdc.pdf,C:\Users\adaml\OneDrive\Syllabi\annotation\ufl_ENG1131-1786-12889-FGonzalezSilva_a95c4cdc.pdf
Persepolis 2: The Story of a Return,Marjane,Satrapi,ufl_ENG1131-1786-12889-FGonzalezSilva_a95c4cdc.pdf,C:\Users\adaml\OneDrive\Syllabi\annotation\ufl_ENG1131-1786-12889-FGonzalezSilva_a95c4cdc.pdf
Theory of Film,Siegfried,Kracauer,ufl_ENG1131-1786-12889-FGonzalezSilva_a95c4cdc.pdf,C:\Users\adaml\OneDrive\Syllabi\annotation\ufl_ENG1131-1786-12889-FGonzalezSilva_a95c4cdc.pdf
International Macroeconomics,Robert,Feenstra,ufl_ECO3713_Rojas_Spr22_0089f8e1.pdf,C:\Users\adaml\OneDrive\Syllabi\annotation\ufl_ECO3713_Rojas_Spr22_0089f8e1.pdf
An introduction to generalized linear models,,Dobson,ufl_Daniels_STA7249-spring-i2020_c15107cd.pdf,C:\Users\adaml\OneDrive\Syllabi\annotation\ufl_Daniels_STA7249-spring-i2020_c15107cd.pdf
Analysis of longitudinal data,,Diggle,ufl_Daniels_STA7249-spring-i2020_c15107cd.pdf,C:\Users\adaml\OneDrive\Syllabi\annotation\ufl_Daniels_STA7249-spring-i2020_c15107cd.pdf
Multivariate statistical modelling based on generalized linear models,,Fahrmeir,ufl_Daniels_STA7249-spring-i2020_c15107cd.pdf,C:\Users\adaml\OneDrive\Syllabi\annotation\ufl_Daniels_STA7249-spring-i2020_c15107cd.pdf
"Extending the linear model with R: generalized linear, mixed eﬀ ects and nonparametric regression models",J. J.,Faraway,ufl_Daniels_STA7249-spring-i2020_c15107cd.pdf,C:\Users\adaml\OneDrive\Syllabi\annotation\ufl_Daniels_STA7249-spring-i2020_c15107cd.pdf
Generalized estimating equations,J. W.,Hardin,ufl_Daniels_STA7249-spring-i2020_c15107cd.pdf,C:\Users\adaml\OneDrive\Syllabi\annotation\ufl_Daniels_STA7249-spring-i2020_c15107cd.pdf
Generalized Additive Models,,Hastie,ufl_Daniels_STA7249-spring-i2020_c15107cd.pdf,C:\Users\adaml\OneDrive\Syllabi\annotation\ufl_Daniels_STA7249-spring-i2020_c15107cd.pdf
Generalized Linear Models,,McCullagh,ufl_Daniels_STA7249-spring-i2020_c15107cd.pdf,C:\Users\adaml\OneDrive\Syllabi\annotation\ufl_Daniels_STA7249-spring-i2020_c15107cd.pdf
"Generalized, linear, and mixed models",,McCulloch,ufl_Daniels_STA7249-spring-i2020_c15107cd.pdf,C:\Users\adaml\OneDrive\Syllabi\annotation\ufl_Daniels_STA7249-spring-i2020_c15107cd.pdf
Generalized additive models: An introduction with R,,Wood,ufl_Daniels_STA7249-spring-i2020_c15107cd.pdf,C:\Users\adaml\OneDrive\Syllabi\annotation\ufl_Daniels_STA7249-spring-i2020_c15107cd.pdf
"Young, Munson and Okiishi’s A Brief Introduction to Fluid Mechanics",,Hochstein,ufl_CWR3201-Syllabus-Fall-2025_1a7780ea.pdf,C:\Users\adaml\OneDrive\Syllabi\annotation\ufl_CWR3201-Syllabus-Fall-2025_1a7780ea.pdf
"BIM and Construction Management: Proven Tools, Methods, and Workflows",Brad,Hardin,ufl_cgn-4905_fall2025_4572f226.pdf,C:\Users\adaml\OneDrive\Syllabi\annotation\ufl_cgn-4905_fall2025_4572f226.pdf
"BIM Handbook: A Guide to Building Information Modeling for Owners, Designers, Engineers, Contractors, and Facility Managers",Rafael,Sacks,ufl_cgn-4905_fall2025_4572f226.pdf,C:\Users\adaml\OneDrive\Syllabi\annotation\ufl_cgn-4905_fall2025_4572f226.pdf
Probability and Measure,,Billingsley,ufl_Bhattacharya_sta_7467_syllabus_933ad163.pdf,C:\Users\adaml\OneDrive\Syllabi\annotation\ufl_Bhattacharya_sta_7467_syllabus_933ad163.pdf
The Rhetoric,Aristotle,,ufl_Arguing-Jewish-Law_ff93087f.pdf,C:\Users\adaml\OneDrive\Syllabi\annotation\ufl_Arguing-Jewish-Law_ff93087f.pdf
The Complete Maus,Art,Spiegelman,ufl_2024_08_10_Post-Holocaust-American-Jews-Syllabus_a8505114.pdf,C:\Users\adaml\OneDrive\Syllabi\annotation\ufl_2024_08_10_Post-Holocaust-American-Jews-Syllabus_a8505114.pdf
The Elements of Style,,Strunk,ufl_2024_08_10_Post-Holocaust-American-Jews-Syllabus_a8505114.pdf,C:\Users\adaml\OneDrive\Syllabi\annotation\ufl_2024_08_10_Post-Holocaust-American-Jews-Syllabus_a8505114.pdf
Zionism: An Emotional State,Derek,Penslar,ufl_2024_08_10_Post-Holocaust-American-Jews-Syllabus_a8505114.pdf,C:\Users\adaml\OneDrive\Syllabi\annotation\ufl_2024_08_10_Post-Holocaust-American-Jews-Syllabus_a8505114.pdf
Moral Grandeur and Spiritual Audacity,Susannah,Heschel,ufl_2024_08_10_Post-Holocaust-American-Jews-Syllabus_a8505114.pdf,C:\Users\adaml\OneDrive\Syllabi\annotation\ufl_2024_08_10_Post-Holocaust-American-Jews-Syllabus_a8505114.pdf
Wrestling with God,Emil,Fackenheim,ufl_2024_08_10_Post-Holocaust-American-Jews-Syllabus_a8505114.pdf,C:\Users\adaml\OneDrive\Syllabi\annotation\ufl_2024_08_10_Post-Holocaust-American-Jews-Syllabus_a8505114.pdf
Intermediate Accounting,,Spiceland,osu_View_Syllabi_fe4f9907.pdf,C:\Users\adaml\OneDrive\Syllabi\annotation\osu_View_Syllabi_fe4f9907.pdf
Product Design & Development,,Ulrich,osu_View_Syllabi_fdece893.pdf,C:\Users\adaml\OneDrive\Syllabi\annotation\osu_View_Syllabi_fdece893.pdf
" Universal Methods of Design: 100 ways to research complex problems, develop innovative ideas, and design effective solutions",,Martin,osu_View_Syllabi_fdece893.pdf,C:\Users\adaml\OneDrive\Syllabi\annotation\osu_View_Syllabi_fdece893.pdf
Creative Conﬁdence,,Kelley,osu_View_Syllabi_fdece893.pdf,C:\Users\adaml\OneDrive\Syllabi\annotation\osu_View_Syllabi_fdece893.pdf
Manufacturing Processes for Design Professionals,Rob,Thompson,osu_View_Syllabi_fdece893.pdf,C:\Users\adaml\OneDrive\Syllabi\annotation\osu_View_Syllabi_fdece893.pdf
The Field Guide to Human Centered Design,IDEO,,osu_View_Syllabi_fdece893.pdf,C:\Users\adaml\OneDrive\Syllabi\annotation\osu_View_Syllabi_fdece893.pdf
"Universal Principles of Design: 100 ways to enhance usability, inﬂ uence perception, increase appeal, make better design decisions, and teach through design",,Lidwell,osu_View_Syllabi_fdece893.pdf,C:\Users\adaml\OneDrive\Syllabi\annotation\osu_View_Syllabi_fdece893.pdf
101 Design Methods,Vijay,Kumar,osu_View_Syllabi_fdece893.pdf,C:\Users\adaml\OneDrive\Syllabi\annotation\osu_View_Syllabi_fdece893.pdf
Prototyping and Modelmaking for Product Design,Bjarki,Hallgrimsson,osu_View_Syllabi_fdece893.pdf,C:\Users\adaml\OneDrive\Syllabi\annotation\osu_View_Syllabi_fdece893.pdf
100 Things Every Designer Needs to Know About People,Susan M.,Weinschenk,osu_View_Syllabi_fdece893.pdf,C:\Users\adaml\OneDrive\Syllabi\annotation\osu_View_Syllabi_fdece893.pdf
Change by Design,Tim,Brown,osu_View_Syllabi_fdece893.pdf,C:\Users\adaml\OneDrive\Syllabi\annotation\osu_View_Syllabi_fdece893.pdf
Made to Stick,Chip,Heath,osu_View_Syllabi_fdece893.pdf,C:\Users\adaml\OneDrive\Syllabi\annotation\osu_View_Syllabi_fdece893.pdf
Rapid Viz: a new method for the rapid visualization of Ideas,,Hanks,osu_View_Syllabi_fdece893.pdf,C:\Users\adaml\OneDrive\Syllabi\annotation\osu_View_Syllabi_fdece893.pdf
Innovating for People: Human-Centered Design Planning,LUMA Institute,,osu_View_Syllabi_fdece893.pdf,C:\Users\adaml\OneDrive\Syllabi\annotation\osu_View_Syllabi_fdece893.pdf
Industrial Design Reference & Specification Book,Dan,Cuffary,osu_View_Syllabi_fdece893.pdf,C:\Users\adaml\OneDrive\Syllabi\annotation\osu_View_Syllabi_fdece893.pdf
Fluid Power Systems,P. J.,Klette,osu_View_Syllabi_fd033ad5.pdf,C:\Users\adaml\OneDrive\Syllabi\annotation\osu_View_Syllabi_fd033ad5.pdf
The Mobile Hydraulics Handbook,B.,Casey,osu_View_Syllabi_fd033ad5.pdf,C:\Users\adaml\OneDrive\Syllabi\annotation\osu_View_Syllabi_fd033ad5.pdf
Fluid Power with Applications,A.,Esposito,osu_View_Syllabi_fd033ad5.pdf,C:\Users\adaml\OneDrive\Syllabi\annotation\osu_View_Syllabi_fd033ad5.pdf
Twentieth-Century American Fashion,L.,Welters,osu_View_Syllabi_f373640d.pdf,C:\Users\adaml\OneDrive\Syllabi\annotation\osu_View_Syllabi_f373640d.pdf
Fashion Since 1900,Valerie,Mendes,osu_View_Syllabi_f373640d.pdf,C:\Users\adaml\OneDrive\Syllabi\annotation\osu_View_Syllabi_f373640d.pdf
Success in Academic Surgery,,Chen,osu_View_Syllabi_eb20fb88.pdf,C:\Users\adaml\OneDrive\Syllabi\annotation\osu_View_Syllabi_eb20fb88.pdf
None,,,osu_View_Syllabi_eb1e5e2e.pdf,C:\Users\adaml\OneDrive\Syllabi\annotation\osu_View_Syllabi_eb1e5e2e.pdf
Fertility and Pregnancy: An Epidemiologic Perspective,Allen J.,Wilcox,osu_View_Syllabi_e85822f2.pdf,C:\Users\adaml\OneDrive\Syllabi\annotation\osu_View_Syllabi_e85822f2.pdf
The Virtual Life of Film,D. N.,Rodowick,osu_View_Syllabi_dafee0ae.pdf,C:\Users\adaml\OneDrive\Syllabi\annotation\osu_View_Syllabi_dafee0ae.pdf
The Tactile Eye,,Barket,osu_View_Syllabi_dafee0ae.pdf,C:\Users\adaml\OneDrive\Syllabi\annotation\osu_View_Syllabi_dafee0ae.pdf
The Devil Finds Work,,Baldwin,osu_View_Syllabi_dafee0ae.pdf,C:\Users\adaml\OneDrive\Syllabi\annotation\osu_View_Syllabi_dafee0ae.pdf
None,,,osu_View_Syllabi_d8247951.pdf,C:\Users\adaml\OneDrive\Syllabi\annotation\osu_View_Syllabi_d8247951.pdf
"A history of Western Society, Volume I: From Antiquity to the Enlightenment",,Wiesner-Hanks,osu_View_Syllabi_d5d596f1.pdf,C:\Users\adaml\OneDrive\Syllabi\annotation\osu_View_Syllabi_d5d596f1.pdf
"Discovering the Western Past, Volume I: to 1789",,Wiesner-Hanks,osu_View_Syllabi_d5d596f1.pdf,C:\Users\adaml\OneDrive\Syllabi\annotation\osu_View_Syllabi_d5d596f1.pdf
Forest Ecology,Burton V.,Barnes,osu_View_Syllabi_ae009874.pdf,C:\Users\adaml\OneDrive\Syllabi\annotation\osu_View_Syllabi_ae009874.pdf
A Field Guide to Trees and Shrubs,George A.,Petrides,osu_View_Syllabi_ae009874.pdf,C:\Users\adaml\OneDrive\Syllabi\annotation\osu_View_Syllabi_ae009874.pdf
The Woody Plants of Ohio,E. Lucy,Braun,osu_View_Syllabi_ae009874.pdf,C:\Users\adaml\OneDrive\Syllabi\annotation\osu_View_Syllabi_ae009874.pdf
Bark: A Field Guide to Trees of the Northeast,Michael,Wojtech,osu_View_Syllabi_ae009874.pdf,C:\Users\adaml\OneDrive\Syllabi\annotation\osu_View_Syllabi_ae009874.pdf
Fruit Key & Twig Key to Trees & Shrubs,William M,Harlow,osu_View_Syllabi_ae009874.pdf,C:\Users\adaml\OneDrive\Syllabi\annotation\osu_View_Syllabi_ae009874.pdf
Publication Manual of the American Psychological Association,American Psychological Association,,osu_View_Syllabi_a465720f.pdf,C:\Users\adaml\OneDrive\Syllabi\annotation\osu_View_Syllabi_a465720f.pdf
Teaching in nursing: a guide for faculty,D.,Billings,osu_View_Syllabi_a465720f.pdf,C:\Users\adaml\OneDrive\Syllabi\annotation\osu_View_Syllabi_a465720f.pdf
None,,,osu_View_Syllabi_0aca0bce.pdf,
Handbook for Teaching Online,D. S.,Stein,osu_View_Syllabi_0ad7b7be.pdf,
The online teaching survival guide,J.,Boettcher,osu_View_Syllabi_0ad7b7be.pdf,
Successful online learning,T.A.,Brosche,osu_View_Syllabi_0ad7b7be.pdf,
Fluency in distance learning,C.,Fenton,osu_View_Syllabi_0ad7b7be.pdf,
Effective online teaching,T.A.,Stavredes,osu_View_Syllabi_0ad7b7be.pdf,
The Manly Art,Elliott,Gorn,osu_View_Syllabi_0d10afd3.pdf,
Reading Football,Michael,Oriard,osu_View_Syllabi_0d10afd3.pdf,
Democracy in America,Alexis,De Tocqueville,osu_View_Syllabi_0d10afd3.pdf,
A Treatise on Domestic Economy,Catherine,Beecher,osu_View_Syllabi_0d10afd3.pdf,
A Treatise on Gymnastics,F.L. ,Jahn,osu_View_Syllabi_0d10afd3.pdf,
A Primer of College Football,W.H.,Lewis,osu_View_Syllabi_0d10afd3.pdf,
Football,A.A.,Stagg,osu_View_Syllabi_0d10afd3.pdf,
How to Play Base Ball,Henry,Chadwick,osu_View_Syllabi_0d10afd3.pdf,
Base Ball: How to Become a Player,John Montgomery,Ward,osu_View_Syllabi_0d10afd3.pdf,
America's National Game,Albert,Spalding,osu_View_Syllabi_0d10afd3.pdf,
American Football,Walter,Camp,osu_View_Syllabi_0d10afd3.pdf,
Rules for Basketball,James ,Naismith,osu_View_Syllabi_0d10afd3.pdf,
Promoting community change: making it happen in the real world,M.S.,Homan,osu_View_Syllabi_05bb2ad4.pdf,
"Biochemistry Laboratory, Modern Theory and Techniques",Rodney,Boyer,osu_View_Syllabi_9b5f61ea.pdf,
None,,,osu_View_Syllabi_9c02deb9.pdf,
"The Good Guide: A Sourcebook for Interpreters, Docents and Tour Guides",Alison L.,Grinder,osu_View_Syllabi_33b7139a.pdf,
The Intelligent Eye,David,Perkins,osu_View_Syllabi_33b7139a.pdf,
None,,,osu_View_Syllabi_36f19121.pdf,
Leadership: Enhancing the Lessons of Experience,Richard L.,Hughes,osu_View_Syllabi_042ed356.pdf,
Saltwater Leadership,Robert O.,Wray,osu_View_Syllabi_042ed356.pdf,
The Passion of Command,B.P.,McCoy,osu_View_Syllabi_042ed356.pdf,
The Armed Forces Officer,U.S. Department of Defense,,osu_View_Syllabi_042ed356.pdf,
Academy of Nutrition and Dietetics Pocket Guide to Nutrition Assessment,,Charney,osu_View_Syllabi_60b45aae.pdf,
Nutrition Therapy and Pathophysiology,,Nelms,osu_View_Syllabi_60b45aae.pdf,
Spectral Methods: Fundamentals in Single Domains,,Canuto,osu_View_Syllabi_63b6d8cc.pdf,
None,,,osu_View_Syllabi_66d790ab.pdf,
ServSafe Coursebook,,,osu_View_Syllabi_87dbc71b.pdf,
None,,,osu_View_Syllabi_491c0e19.pdf,
Autodesk Revit 2022: Fundamentals for Architecture,,Ascent,osu_View_Syllabi_665f29c5.pdf,
Mastering Autodesk Revit 2020,,Yori,osu_View_Syllabi_665f29c5.pdf,
Janeway's Immunobiology textbook,,,osu_View_Syllabi_0996c6ea.pdf,
Cellular and Molecular Immunology,,Abbas,osu_View_Syllabi_0996c6ea.pdf,
Harrison's Principles of Internal Medicine,,,osu_View_Syllabi_2604bd77.pdf,
Concepts of Genetics,,Klug,osu_View_Syllabi_5280bb2a.pdf,
The craft of research,W. C.,Booth,osu_View_Syllabi_8056d39c.pdf,
The coding manual for qualitative researchers,J.,Saldaña,osu_View_Syllabi_8056d39c.pdf,
ACSM's Exercise Management for Persons with Chronic Diseases and Disabilities,E.,Moore,osu_View_Syllabi_942654d5.pdf,
Fundamentals of Engineering,,Lieu,osu_View_Syllabi_82487060.pdf,
The Anaphiotika and constitution square,Llewellyn,Smith,osu_View_Syllabi_a2c76991.pdf,
Heirs of the Greek Catastrophe: The Social Life of Asia Minor Refugees in Piraeus,Renee,Hirschon,osu_View_Syllabi_a2c76991.pdf,
Eurydice Street: A Place in Athens,Sofia,Zinovieff,osu_View_Syllabi_a2c76991.pdf,
Inside Hitler's Greece,,Mazower,osu_View_Syllabi_a2c76991.pdf,
This Child Died Tomorrow,,Matsas,osu_View_Syllabi_a2c76991.pdf,
A Short Border Handbook,,Kapllani,osu_View_Syllabi_a2c76991.pdf,
Error,,,ufl_LIN4721-163A-Spring-2016-Im.docx_3a340388.pdf,
None,,,ufl_LIN4930-3C59-LIN6932-26EB-Native-Lang-of-the-South-Fa19-Broadwell_206f390f.pdf,
Error,,,ufl_LIN4930-06AB-Fa16-Essegbey.docx_b9f7f87e.pdf,
Optimality Theory,René,Kager,ufl_LIN4930-195F-LIN6341-1F95-Sp17-Wiltshire_1d92e753.pdf,
Everyday Talk: Building and Reflecting Identities,K.,Tracy,ufl_LIN4930-13936-Lang-Social-Interaction-Sp23-Butler_f999f25f.pdf,
Applied Linear Statistical Models,M.S.,Kutner,ufl_Lindberg_sta4210syllabus_fall2025_d8333e56.pdf,
A Second Course in Statistics: Regression Analysis,W.,Mendenhall,ufl_Lindberg_sta4210syllabus_fall2025_d8333e56.pdf,
Error,,,ufl_NGR-6941-FNP-all-secs-DyalCitty.doc_2b1a3816.pdf,
Error,,,ufl_NGR-6941-PedsPrimary-sec-709B-Rohan.docx_a845384e.pdf,
Statistics: the Art and Science of Learning from Data,Franklin,Agresti,ufl_OConnor_STA3024_Summer_B_2024_Syllabus_8e14db9c.pdf,
Positive Psychology: The Scientific and Practical Explorations of Human Strengths,,Lopez,ufl_PCO4113_S0981_Spring2026_a139e836.pdf,
Sabbatai Sevi The Mystical Messiah,Gershom,Scholem,ufl_REL3938-History-of-Judaism_df85a143.pdf,
"Jewish People, Jewish Thought",Robert,Seltzer,ufl_REL3938-History-of-Judaism_df85a143.pdf,
Eugene Onegin,Alexander,Pushkin,ufl_RUT3101_F24_a45dd55f.pdf,
Anna Karenina,Leo,Tolstoy,ufl_RUT3101_F24_a45dd55f.pdf,
THE ESSENTIAL PLAYS,Anton,Chekhov,ufl_RUT3101_F24_a45dd55f.pdf,
Crime and Punishment,Fyodor,Dostoevsky,ufl_RUT3101_F24_a45dd55f.pdf,
Russian Grammar in Context,,Kagan,ufl_Spr22_RUS3400-7N46_Syllabus_51e7ad45.pdf,
A Reference Grammar for B πyth,David,Gasperetti,ufl_Spr22_RUS3400-7N46_Syllabus_51e7ad45.pdf,
Religion in American Life: A Short History,Jon,Butler,ufl_spring2024-REL2121-Syllabus-4_d6347e83.pdf,
Numerical Optimization,J.,Nocedal,ufl_Su_STA-6934_Fall-2021_Updated_222e1c3a.pdf,
Error,,,ufl_Syllabus_New-Testament.docx_ca74e1c7.pdf,
Dark Green Religion: Nature Spirituality and the Planetary Future,Bron,Taylor,ufl_Taylor-NatureSpiritualityPopularCulture_REL-1101-SYLLABUS-FALL-2024-8.8.2024_99b4759c.pdf,
The Story of B,Daniel,Quinn,ufl_Taylor-NatureSpiritualityPopularCulture_REL-1101-SYLLABUS-FALL-2024-8.8.2024_99b4759c.pdf,
The Celestine Prophecy,Michael,Redfield,ufl_Taylor-NatureSpiritualityPopularCulture_REL-1101-SYLLABUS-FALL-2024-8.8.2024_99b4759c.pdf,
Ecotopia,Ernest,Callenbach,ufl_Taylor-NatureSpiritualityPopularCulture_REL-1101-SYLLABUS-FALL-2024-8.8.2024_99b4759c.pdf,
Let's Speak Vietnamese (LSV). An introduction to contemporary Vietnamese,Thuý-Kim,Lê Phạm,ufl_VTN1130_F24_bb1290b2.pdf,
None,,,utaustin_1049788_c710862c.pdf,
The Successful Marketing Plan,Roman G.,Hiebing,utaustin_1452161_5d27a409.pdf,
Special education assessment: Issues and strategies affecting today's classrooms,E.P.,Kritikos,utaustin_2202340_ae43c208.pdf,
Assessing students with special needs,J. ,McLoughlin,utaustin_2202340_ae43c208.pdf,
Applied behavior analysis for teachers,P. A.,Alberto,utaustin_2202340_ae43c208.pdf,
Behavior analytic consultation to schools,M. M.,Mueller,utaustin_2202340_ae43c208.pdf,
Assessing students with special needs to produce quality outcomes,C. A. ,Layton,utaustin_2202340_ae43c208.pdf,
"The Age of Reform, 1250-1550: An Intellectual and Religious History of Late Medieval and Reformation Europe",Steven,Ozment,utaustin_2874360_e02b0d4b.pdf,
Intermediate Reader of Modern Chinese,,,utaustin_3419835_42c32f1a.pdf,
Practical Chinese Reader II,,,utaustin_3419835_42c32f1a.pdf,
Interpreting the Images of Greek Myths: An Introduction,Klaus,Junker,utaustin_3445820_bd62b646.pdf,
The Analysis of Biological Data,M.C.,Whitlock,utaustin_4510020_f4cabcdb.pdf,
The Murder of Jim Fisk for the Love of Josie Mansfield,,,utaustin_5065654_23ac37b9.pdf,
None,,,utaustin_5087640_9753dcf2.pdf,
Eight Old English Poems,J. C. ,Pope,utaustin_5568203_d8ac5267.pdf,
Introduction to Old English,P. S. ,Baker,utaustin_5568203_d8ac5267.pdf,
A New Introduction to Old Norse: Grammar,Michael,Barnes,utaustin_5568203_d8ac5267.pdf,
Being Digital,Nicholas,Negroponte,utaustin_6656290_0b8d9f8d.pdf,
Operations Strategy,Van,Mieghem,utaustin_7241375_e3afbb50.pdf,
Controversies in Globalization: Contending Approaches in International Relations,Peter M.,Haas,utaustin_7731222_7707e987.pdf,
Astronomy,Morrison,Fraknoi,utaustin_7800510_96e39fae.pdf,
Capitalism: The New Segregation,Lewis,Eldridge,utaustin_8298342_7b3c680c.pdf,
Empire State of Mind: How JayZ Went from Street Corner to Corner Office,Zach,Greenburg,utaustin_8298342_7b3c680c.pdf,
Michael Jordan and the New Global Capitalism,Walter,LaFeber,utaustin_8298342_7b3c680c.pdf,
Why Should White Guys Have All the Fun: How Reginald Lewis Created a Billion-Dollar Business Empire,Reginald,Lewis,utaustin_8298342_7b3c680c.pdf,
"The Peebles Principles: Tales and Tactics from an Entreprenuer's Life of Winning Deals, succeeding in Business and Creating a Fortune From Scratch",R. Donahue,Peebles,utaustin_8298342_7b3c680c.pdf,
Pimpin' Ain't Easy: Selling Black Entertainment Television,Beretta,Smith-Shomade,utaustin_8298342_7b3c680c.pdf,
Tanning of America: How Hip Hop Created a Culture That Rewrote Rules of a New Economy,Steve ,Stoute,utaustin_8298342_7b3c680c.pdf,
"History Black Business in America: Capitalism, Race, Entrepreneurship",Juliet E. K.,Walker,utaustin_8298342_7b3c680c.pdf,
Exploring Geology,,Reynolds,utaustin_8335871_514a3a24.pdf,
Mastering Russian through Global Debate,T.,Brown,utaustin_10514346_b7347974.pdf,
Help,,,utaustin_11074579_d6f48cfe.pdf,
"Environmental Engineering: Fundamentals, Sustainability, Design",J.R.,Mihelcic,utaustin_11091559_4a7769b2.pdf,
Tips for successful internship programs,J.,Baxter Lynn,utaustin_11305260_803f9e44.pdf,
Life on Purpose: How Living for What Matters Most Changes Everything,V. J.,Stretcher,utaustin_11305260_803f9e44.pdf,
None,,,utaustin_11814705_266fbf92.pdf,
The Student's Catullus,Daniel H.,Garrison,utaustin_12635922_2d29bef2.pdf,
Virgil,Richard,Thomas,utaustin_12635922_2d29bef2.pdf,
Ovid's Metamorphoses,William F.,Anderson,utaustin_12635922_2d29bef2.pdf,
"Statius, Thebaid 5",Shackleton,Bailey,utaustin_12635922_2d29bef2.pdf,
Ciris,R.O.A.M.,Lyne,utaustin_12635922_2d29bef2.pdf,
Sådan 1,,,utaustin_12947636_aa8812f0.pdf,
Sådan 2,,,utaustin_12947636_aa8812f0.pdf,
None,,,utaustin_12950591_f7b7d877.pdf,
An Introduction to Statistical Modeling,G.,James,utaustin_12953992_f184257a.pdf,
Deep Learning,,Goodfellow,utaustin_12953992_f184257a.pdf,
STUDIO THINKING 3: THE REAL BENEFITS OF VISUAL ARTS EDUCATION,Kimberly M.,Sheridan,utaustin_12962294_dfffe6ce.pdf,
Introduction to Social Entrepreneurship,T.,Chahine,utaustin_14063541_424c06c7.pdf,
Prescott's Microbiology,,,utaustin_14606760_edb82012.pdf,
None,,,utaustin_14658959_2ccca317.pdf,
Studies in Scales and Chords,Ludwig,Milde,utaustin_14712486_c31a1459.pdf,
Melodious Etudes for Trombone,Marco ,Bordogni,utaustin_14712486_c31a1459.pdf,
Fundamentals of Microfabrication and Nanotechnology,Marc J.,Madou,utaustin_16293137_50d14ce8.pdf,
Fundamental Principles of Optical Lithography,Chris,Mack,utaustin_16293137_50d14ce8.pdf,
Decision Quality: Value Creation from Better Business Decisions,Carl,Spetzler,utaustin_16293406_58d0b069.pdf,
Decision Analysis for the Professional,,,utaustin_16293406_58d0b069.pdf,
,,,#N/A,
,,,#N/A,
,,,#N/A,
,,,#N/A,
,,,#N/A,
,,,#N/A,
,,,#N/A,
,,,#N/A,
,,,#N/A,
,,,#N/A,
,,,#N/A,
,,,#N/A,
,,,#N/A,
,,,#N/A,
,,,#N/A,
,,,#N/A,
,,,#N/A,
,,,#N/A,
,,,#N/A,
,,,#N/A,
,,,#N/A,
,,,#N/A,
,,,#N/A,
,,,#N/A,
,,,#N/A,
,,,#N/A,
,,,#N/A,
,,,#N/A,
,,,#N/A,
,,,#N/A,
,,,#N/A,
,,,#N/A,
,,,#N/A,
,,,#N/A,
,,,#N/A,
,,,#N/A,
,,,#N/A,
,,,#N/A,
,,,#N/A,
,,,#N/A,
,,,#N/A,
,,,#N/A,
,,,#N/A,
,,,#N/A,
,,,#N/A,
,,,#N/A,
,,,#N/A,
,,,#N/A,
,,,#N/A,
,,,#N/A,
,,,#N/A,
,,,#N/A,
,,,#N/A,
,,,#N/A,
,,,#N/A,
,,,#N/A,
,,,#N/A,
,,,#N/A,
,,,#N/A,
,,,#N/A,
,,,#N/A,
,,,#N/A,
,,,#N/A,
,,,#N/A,
,,,#N/A,
,,,#N/A,
,,,#N/A,
,,,#N/A,
,,,#N/A,
,,,#N/A,
,,,#N/A,
,,,#N/A,
,,,#N/A,
,,,#N/A,
,,,#N/A,
,,,#N/A,
,,,#N/A,
,,,#N/A,
,,,#N/A,
,,,#N/A,
,,,#N/A,
,,,#N/A,
,,,#N/A,
,,,#N/A,
,,,#N/A,
,,,#N/A,
,,,#N/A,
,,,#N/A,
,,,#N/A,
,,,#N/A,
,,,#N/A,
,,,#N/A,
,,,#N/A,
,,,#N/A,
,,,#N/A,
,,,#N/A,
,,,#N/A,
,,,#N/A,
,,,#N/A,
,,,#N/A,
,,,#N/A,
,,,#N/A,
,,,#N/A,
,,,#N/A,
,,,#N/A,
,,,#N/A,
,,,#N/A,
,,,#N/A,
,,,#N/A,
,,,#N/A,
,,,#N/A,
,,,#N/A,
,,,#N/A,
,,,#N/A,
,,,#N/A,
,,,#N/A,
,,,#N/A,
,,,#N/A,
,,,#N/A,
,,,#N/A,
,,,#N/A,
,,,#N/A,
,,,#N/A,
,,,#N/A,
,,,#N/A,
,,,#N/A,
,,,#N/A,
,,,#N/A,
,,,#N/A,
,,,#N/A,
,,,#N/A,
,,,#N/A,
,,,#N/A,
,,,#N/A,
,,,#N/A,
,,,#N/A,
,,,#N/A,
,,,#N/A,
,,,#N/A,
,,,#N/A,
,,,#N/A,
,,,#N/A,
,,,#N/A,
,,,#N/A,
,,,#N/A,
,,,#N/A,
,,,#N/A,
,,,#N/A,
,,,#N/A,
,,,#N/A,
